timestep_4,region_1,scenario_1,technology_1,parameter,value
h0001,FR,scr8,wind,avaConv,0.0483577895532542
h0002,FR,scr8,wind,avaConv,0.0489215410524051
h0003,FR,scr8,wind,avaConv,0.0509873955293011
h0004,FR,scr8,wind,avaConv,0.0510231648783286
h0005,FR,scr8,wind,avaConv,0.0516962838271201
h0006,FR,scr8,wind,avaConv,0.0530535896066182
h0007,FR,scr8,wind,avaConv,0.0590554294231611
h0008,FR,scr8,wind,avaConv,0.0649730426255906
h0009,FR,scr8,wind,avaConv,0.0756481914517362
h0010,FR,scr8,wind,avaConv,0.100459133398597
h0011,FR,scr8,wind,avaConv,0.120791724896642
h0012,FR,scr8,wind,avaConv,0.12965703267737
h0013,FR,scr8,wind,avaConv,0.133455125176172
h0014,FR,scr8,wind,avaConv,0.135781098804289
h0015,FR,scr8,wind,avaConv,0.134494013052766
h0016,FR,scr8,wind,avaConv,0.102675937142735
h0017,FR,scr8,wind,avaConv,0.0548008327544038
h0018,FR,scr8,wind,avaConv,0.0792960424128792
h0019,FR,scr8,wind,avaConv,0.130330237780187
h0020,FR,scr8,wind,avaConv,0.182915162411746
h0021,FR,scr8,wind,avaConv,0.222335308832933
h0022,FR,scr8,wind,avaConv,0.261521254674632
h0023,FR,scr8,wind,avaConv,0.274677989754892
h0024,FR,scr8,wind,avaConv,0.294440444001339
