timestep_4,region_1,scenario_1,technology_1,parameter,value
h0073,FR,scr14,wind,avaConv,0.598534998110017
h0074,FR,scr14,wind,avaConv,0.633825592862865
h0075,FR,scr14,wind,avaConv,0.667235335110236
h0076,FR,scr14,wind,avaConv,0.690948424548264
h0077,FR,scr14,wind,avaConv,0.694880119006067
h0078,FR,scr14,wind,avaConv,0.705991476068953
h0079,FR,scr14,wind,avaConv,0.748295257990256
h0080,FR,scr14,wind,avaConv,0.807770464860362
h0081,FR,scr14,wind,avaConv,0.833058241066733
h0082,FR,scr14,wind,avaConv,0.845193628749358
h0083,FR,scr14,wind,avaConv,0.835654468352635
h0084,FR,scr14,wind,avaConv,0.804048223164839
h0085,FR,scr14,wind,avaConv,0.793292034689486
h0086,FR,scr14,wind,avaConv,0.768026618561408
h0087,FR,scr14,wind,avaConv,0.717566475635105
h0088,FR,scr14,wind,avaConv,0.569690104022209
h0089,FR,scr14,wind,avaConv,0.495694642179573
h0090,FR,scr14,wind,avaConv,0.539531139812934
h0091,FR,scr14,wind,avaConv,0.621765148082404
h0092,FR,scr14,wind,avaConv,0.688170254689095
h0093,FR,scr14,wind,avaConv,0.658154856305505
h0094,FR,scr14,wind,avaConv,0.662404479086449
h0095,FR,scr14,wind,avaConv,0.750258250490339
h0096,FR,scr14,wind,avaConv,0.76561116162293
