timestep_4,region_1,scenario_1,technology_1,parameter,value
h0001,FR,scr3,wind,avaConv,0.523621224838316
h0002,FR,scr3,wind,avaConv,0.498267591613818
h0003,FR,scr3,wind,avaConv,0.450176205449463
h0004,FR,scr3,wind,avaConv,0.437961171028728
h0005,FR,scr3,wind,avaConv,0.462963440482482
h0006,FR,scr3,wind,avaConv,0.499772590807276
h0007,FR,scr3,wind,avaConv,0.576265169894881
h0008,FR,scr3,wind,avaConv,0.655679076798572
h0009,FR,scr3,wind,avaConv,0.727143653636936
h0010,FR,scr3,wind,avaConv,0.848375828549492
h0011,FR,scr3,wind,avaConv,0.894479721931007
h0012,FR,scr3,wind,avaConv,0.911255714563535
h0013,FR,scr3,wind,avaConv,0.922229105151147
h0014,FR,scr3,wind,avaConv,0.926155310666628
h0015,FR,scr3,wind,avaConv,0.911683794740902
h0016,FR,scr3,wind,avaConv,0.875412720165015
h0017,FR,scr3,wind,avaConv,0.855242805323811
h0018,FR,scr3,wind,avaConv,0.848659906261589
h0019,FR,scr3,wind,avaConv,0.850703447352161
h0020,FR,scr3,wind,avaConv,0.868100165675446
h0021,FR,scr3,wind,avaConv,0.870073299694213
h0022,FR,scr3,wind,avaConv,0.86399562260519
h0023,FR,scr3,wind,avaConv,0.831005164101245
h0024,FR,scr3,wind,avaConv,0.793996076371476
