timestep_4,region_1,scenario_1,technology_1,parameter,value
h0049,FR,scr1,wind,avaConv,0.742861743525379
h0050,FR,scr1,wind,avaConv,0.771860593308186
h0051,FR,scr1,wind,avaConv,0.825618287069495
h0052,FR,scr1,wind,avaConv,0.849877424550486
h0053,FR,scr1,wind,avaConv,0.856213830237816
h0054,FR,scr1,wind,avaConv,0.851914799602549
h0055,FR,scr1,wind,avaConv,0.850822240634929
h0056,FR,scr1,wind,avaConv,0.842116970444844
h0057,FR,scr1,wind,avaConv,0.839651567127392
h0058,FR,scr1,wind,avaConv,0.851948661319511
h0059,FR,scr1,wind,avaConv,0.873672838777942
h0060,FR,scr1,wind,avaConv,0.877679489266981
h0061,FR,scr1,wind,avaConv,0.871587452591424
h0062,FR,scr1,wind,avaConv,0.855307433201796
h0063,FR,scr1,wind,avaConv,0.853717527966975
h0064,FR,scr1,wind,avaConv,0.847106853022126
h0065,FR,scr1,wind,avaConv,0.813214144668407
h0066,FR,scr1,wind,avaConv,0.79437642712164
h0067,FR,scr1,wind,avaConv,0.776439839167782
h0068,FR,scr1,wind,avaConv,0.755217449750209
h0069,FR,scr1,wind,avaConv,0.729945336150742
h0070,FR,scr1,wind,avaConv,0.682665347238665
h0071,FR,scr1,wind,avaConv,0.689221866781527
h0072,FR,scr1,wind,avaConv,0.661607206351602
