timestep_4,region_1,scenario_1,technology_1,parameter,value
h0001,FR,scr1,wind,avaConv,0.210004810292798
h0002,FR,scr1,wind,avaConv,0.190208162591582
h0003,FR,scr1,wind,avaConv,0.179740615696334
h0004,FR,scr1,wind,avaConv,0.171589105416617
h0005,FR,scr1,wind,avaConv,0.173231867045391
h0006,FR,scr1,wind,avaConv,0.169962311216306
h0007,FR,scr1,wind,avaConv,0.167986816446954
h0008,FR,scr1,wind,avaConv,0.187807598935794
h0009,FR,scr1,wind,avaConv,0.231494593045001
h0010,FR,scr1,wind,avaConv,0.351098743601463
h0011,FR,scr1,wind,avaConv,0.383797081231935
h0012,FR,scr1,wind,avaConv,0.430551886929536
h0013,FR,scr1,wind,avaConv,0.498567236544718
h0014,FR,scr1,wind,avaConv,0.562057746979797
h0015,FR,scr1,wind,avaConv,0.549904242312222
h0016,FR,scr1,wind,avaConv,0.506272360444331
h0017,FR,scr1,wind,avaConv,0.542613299683899
h0018,FR,scr1,wind,avaConv,0.643493165633786
h0019,FR,scr1,wind,avaConv,0.736169853751937
h0020,FR,scr1,wind,avaConv,0.812061682417957
h0021,FR,scr1,wind,avaConv,0.84229304651544
h0022,FR,scr1,wind,avaConv,0.856910431002275
h0023,FR,scr1,wind,avaConv,0.852981939236542
h0024,FR,scr1,wind,avaConv,0.861710033548974
