timestep_4,region_1,scenario_1,technology_1,parameter,value
h0073,LU,scr7,wind,avaConv,0.999094333806764
h0074,LU,scr7,wind,avaConv,0.99993845378881
h0075,LU,scr7,wind,avaConv,1.00000001653888
h0076,LU,scr7,wind,avaConv,1.00000001653888
h0077,LU,scr7,wind,avaConv,1.00000001653888
h0078,LU,scr7,wind,avaConv,0.982092754957716
h0079,LU,scr7,wind,avaConv,0.98924745125695
h0080,LU,scr7,wind,avaConv,0.995276022781749
h0081,LU,scr7,wind,avaConv,0.997166946264664
h0082,LU,scr7,wind,avaConv,0.999076180702396
h0083,LU,scr7,wind,avaConv,0.999271129408647
h0084,LU,scr7,wind,avaConv,0.99992108994174
h0085,LU,scr7,wind,avaConv,1.00000001653888
h0086,LU,scr7,wind,avaConv,1.00000001653888
h0087,LU,scr7,wind,avaConv,1.00000001653888
h0088,LU,scr7,wind,avaConv,0.964719826486149
h0089,LU,scr7,wind,avaConv,1.00000001653888
h0090,LU,scr7,wind,avaConv,1.00000001653888
h0091,LU,scr7,wind,avaConv,0.63772692369347
h0092,LU,scr7,wind,avaConv,0.479873729417256
h0093,LU,scr7,wind,avaConv,1.00000001653888
h0094,LU,scr7,wind,avaConv,1.00000001653888
h0095,LU,scr7,wind,avaConv,0.520126287121621
h0096,LU,scr7,wind,avaConv,1.00000001653888
