timestep_4,region_1,scenario_1,carrier_1,parameter,value
h0025,FR,scr7,electricity,dem,55.5116115157476
h0026,FR,scr7,electricity,dem,54.0221994278355
h0027,FR,scr7,electricity,dem,51.2659247025608
h0028,FR,scr7,electricity,dem,50.280259867396
h0029,FR,scr7,electricity,dem,52.1492873399234
h0030,FR,scr7,electricity,dem,56.4183367904729
h0031,FR,scr7,electricity,dem,60.8768422849784
h0032,FR,scr7,electricity,dem,62.8820620651982
h0033,FR,scr7,electricity,dem,64.0321719553081
h0034,FR,scr7,electricity,dem,64.2590675597036
h0035,FR,scr7,electricity,dem,64.3375565706927
h0036,FR,scr7,electricity,dem,64.4004137135498
h0037,FR,scr7,electricity,dem,62.6709961311322
h0038,FR,scr7,electricity,dem,60.5950895377256
h0039,FR,scr7,electricity,dem,58.608248878385
h0040,FR,scr7,electricity,dem,58.0477653619015
h0041,FR,scr7,electricity,dem,60.3955785487147
h0042,FR,scr7,electricity,dem,64.6662433838795
h0043,FR,scr7,electricity,dem,65.5767104168465
h0044,FR,scr7,electricity,dem,62.2740675597036
h0045,FR,scr7,electricity,dem,58.9378807465168
h0046,FR,scr7,electricity,dem,59.3286225047586
h0047,FR,scr7,electricity,dem,60.4251994278355
h0048,FR,scr7,electricity,dem,57.7433972300334
