timestep_4,region_1,scenario_1,technology_1,parameter,value
h0025,LU,scr7,wind,avaConv,0.089889820313859
h0026,LU,scr7,wind,avaConv,0.0912699310482426
h0027,LU,scr7,wind,avaConv,0.104517642413042
h0028,LU,scr7,wind,avaConv,0.137264012256451
h0029,LU,scr7,wind,avaConv,0.179345623132834
h0030,LU,scr7,wind,avaConv,0.214516894148088
h0031,LU,scr7,wind,avaConv,0.209921313865924
h0032,LU,scr7,wind,avaConv,0.260459949510169
h0033,LU,scr7,wind,avaConv,0.282324195860193
h0034,LU,scr7,wind,avaConv,0.284046058735266
h0035,LU,scr7,wind,avaConv,0.419726210679204
h0036,LU,scr7,wind,avaConv,0.447069186518319
h0037,LU,scr7,wind,avaConv,0.351063739765302
h0038,LU,scr7,wind,avaConv,0.52322060935356
h0039,LU,scr7,wind,avaConv,0.788532137122707
h0040,LU,scr7,wind,avaConv,0.942995280786702
h0041,LU,scr7,wind,avaConv,0.959812486752818
h0042,LU,scr7,wind,avaConv,0.956862644170867
h0043,LU,scr7,wind,avaConv,0.888274363822512
h0044,LU,scr7,wind,avaConv,0.910744806195887
h0045,LU,scr7,wind,avaConv,0.914946226797829
h0046,LU,scr7,wind,avaConv,0.940735651146422
h0047,LU,scr7,wind,avaConv,0.941229416116036
h0048,LU,scr7,wind,avaConv,0.852406645222578
