timestep_4,region_1,scenario_1,technology_1,parameter,value
h0025,FR,scr8,wind,avaConv,0.0546264189697706
h0026,FR,scr8,wind,avaConv,0.0551782544624173
h0027,FR,scr8,wind,avaConv,0.0542951512114179
h0028,FR,scr8,wind,avaConv,0.0535267308855402
h0029,FR,scr8,wind,avaConv,0.0532205002869381
h0030,FR,scr8,wind,avaConv,0.0498851959754914
h0031,FR,scr8,wind,avaConv,0.0471635652281363
h0032,FR,scr8,wind,avaConv,0.0464494925389381
h0033,FR,scr8,wind,avaConv,0.0503217224294532
h0034,FR,scr8,wind,avaConv,0.0840624675112065
h0035,FR,scr8,wind,avaConv,0.0908753767156863
h0036,FR,scr8,wind,avaConv,0.110412221135849
h0037,FR,scr8,wind,avaConv,0.107220399244188
h0038,FR,scr8,wind,avaConv,0.0918597652246819
h0039,FR,scr8,wind,avaConv,0.0784244079780106
h0040,FR,scr8,wind,avaConv,0.0365103927299332
h0041,FR,scr8,wind,avaConv,0.0261700944177664
h0042,FR,scr8,wind,avaConv,0.0449943533159157
h0043,FR,scr8,wind,avaConv,0.0575409539862986
h0044,FR,scr8,wind,avaConv,0.0720921085154541
h0045,FR,scr8,wind,avaConv,0.0712775142557447
h0046,FR,scr8,wind,avaConv,0.0644771713601395
h0047,FR,scr8,wind,avaConv,0.0599180858490367
h0048,FR,scr8,wind,avaConv,0.0594680638222224
