timestep_4,region_1,scenario_1,technology_1,parameter,value
h0073,FR,scr7,wind,avaConv,0.854092740456801
h0074,FR,scr7,wind,avaConv,0.79785818225294
h0075,FR,scr7,wind,avaConv,0.77029090579697
h0076,FR,scr7,wind,avaConv,0.743038643237869
h0077,FR,scr7,wind,avaConv,0.719317710466142
h0078,FR,scr7,wind,avaConv,0.769013914710336
h0079,FR,scr7,wind,avaConv,0.778696334790504
h0080,FR,scr7,wind,avaConv,0.780485780024396
h0081,FR,scr7,wind,avaConv,0.770516947442692
h0082,FR,scr7,wind,avaConv,0.759366890964652
h0083,FR,scr7,wind,avaConv,0.738257594277617
h0084,FR,scr7,wind,avaConv,0.657592188874965
h0085,FR,scr7,wind,avaConv,0.511714353420605
h0086,FR,scr7,wind,avaConv,0.547806608961406
h0087,FR,scr7,wind,avaConv,0.631068295326121
h0088,FR,scr7,wind,avaConv,0.62317603117747
h0089,FR,scr7,wind,avaConv,0.602589905285794
h0090,FR,scr7,wind,avaConv,0.510927980850994
h0091,FR,scr7,wind,avaConv,0.546992442669839
h0092,FR,scr7,wind,avaConv,0.702494963725068
h0093,FR,scr7,wind,avaConv,0.62301949869295
h0094,FR,scr7,wind,avaConv,0.78841193380395
h0095,FR,scr7,wind,avaConv,0.828258490710223
h0096,FR,scr7,wind,avaConv,0.850926036409827
