timestep_4,region_1,scenario_1,technology_1,parameter,value
h0049,FR,scr8,wind,avaConv,0.588100329938225
h0050,FR,scr8,wind,avaConv,0.611358522887736
h0051,FR,scr8,wind,avaConv,0.641174535479145
h0052,FR,scr8,wind,avaConv,0.661910934888215
h0053,FR,scr8,wind,avaConv,0.667210349810916
h0054,FR,scr8,wind,avaConv,0.678762815686267
h0055,FR,scr8,wind,avaConv,0.673181200759371
h0056,FR,scr8,wind,avaConv,0.658416675866168
h0057,FR,scr8,wind,avaConv,0.666961858578976
h0058,FR,scr8,wind,avaConv,0.749450315050395
h0059,FR,scr8,wind,avaConv,0.731939912390347
h0060,FR,scr8,wind,avaConv,0.810941646406648
h0061,FR,scr8,wind,avaConv,0.847731800260406
h0062,FR,scr8,wind,avaConv,0.837734230653867
h0063,FR,scr8,wind,avaConv,0.774779797446466
h0064,FR,scr8,wind,avaConv,0.581017079593685
h0065,FR,scr8,wind,avaConv,0.476375554376575
h0066,FR,scr8,wind,avaConv,0.577522077352136
h0067,FR,scr8,wind,avaConv,0.609016088703213
h0068,FR,scr8,wind,avaConv,0.598699047854685
h0069,FR,scr8,wind,avaConv,0.581570973452745
h0070,FR,scr8,wind,avaConv,0.538874317039039
h0071,FR,scr8,wind,avaConv,0.52185324525392
h0072,FR,scr8,wind,avaConv,0.48142622296278
