timestep_4,region_1,scenario_1,technology_1,parameter,value
h0073,FR,scr5,wind,avaConv,0.780031182181861
h0074,FR,scr5,wind,avaConv,0.808542654808052
h0075,FR,scr5,wind,avaConv,0.787937478246848
h0076,FR,scr5,wind,avaConv,0.791034977903541
h0077,FR,scr5,wind,avaConv,0.814111306072463
h0078,FR,scr5,wind,avaConv,0.82078242563517
h0079,FR,scr5,wind,avaConv,0.813219738694604
h0080,FR,scr5,wind,avaConv,0.78383063646445
h0081,FR,scr5,wind,avaConv,0.730337485298296
h0082,FR,scr5,wind,avaConv,0.697932194293419
h0083,FR,scr5,wind,avaConv,0.71471172513178
h0084,FR,scr5,wind,avaConv,0.852190655635828
h0085,FR,scr5,wind,avaConv,0.922907925771888
h0086,FR,scr5,wind,avaConv,0.928670055652599
h0087,FR,scr5,wind,avaConv,0.916912405448577
h0088,FR,scr5,wind,avaConv,0.835620895879548
h0089,FR,scr5,wind,avaConv,0.777264059867096
h0090,FR,scr5,wind,avaConv,0.826771572025623
h0091,FR,scr5,wind,avaConv,0.860087971023472
h0092,FR,scr5,wind,avaConv,0.89089256166486
h0093,FR,scr5,wind,avaConv,0.898953457658374
h0094,FR,scr5,wind,avaConv,0.872000175190926
h0095,FR,scr5,wind,avaConv,0.869376252214933
h0096,FR,scr5,wind,avaConv,0.870451800155422
