timestep_4,region_1,scenario_1,technology_1,parameter,value
h0049,FR,scr7,wind,avaConv,0.128329989146975
h0050,FR,scr7,wind,avaConv,0.118987437484963
h0051,FR,scr7,wind,avaConv,0.114277630206717
h0052,FR,scr7,wind,avaConv,0.113281341434969
h0053,FR,scr7,wind,avaConv,0.116609534484763
h0054,FR,scr7,wind,avaConv,0.120217861887124
h0055,FR,scr7,wind,avaConv,0.116879947742079
h0056,FR,scr7,wind,avaConv,0.115626007211824
h0057,FR,scr7,wind,avaConv,0.11983791612599
h0058,FR,scr7,wind,avaConv,0.146760148805369
h0059,FR,scr7,wind,avaConv,0.141446136712311
h0060,FR,scr7,wind,avaConv,0.15117592973077
h0061,FR,scr7,wind,avaConv,0.161983317743727
h0062,FR,scr7,wind,avaConv,0.176075212121699
h0063,FR,scr7,wind,avaConv,0.170674471711829
h0064,FR,scr7,wind,avaConv,0.121844252708527
h0065,FR,scr7,wind,avaConv,0.0932786488915387
h0066,FR,scr7,wind,avaConv,0.146403670380477
h0067,FR,scr7,wind,avaConv,0.174898224715756
h0068,FR,scr7,wind,avaConv,0.212063048501801
h0069,FR,scr7,wind,avaConv,0.243114812764187
h0070,FR,scr7,wind,avaConv,0.280461679224843
h0071,FR,scr7,wind,avaConv,0.288492527366504
h0072,FR,scr7,wind,avaConv,0.325212622668553
