timestep_4,region_1,scenario_1,technology_1,parameter,value
h0001,FR,scr7,wind,avaConv,0.207990570962692
h0002,FR,scr7,wind,avaConv,0.216457021493903
h0003,FR,scr7,wind,avaConv,0.228709604461817
h0004,FR,scr7,wind,avaConv,0.256436943937215
h0005,FR,scr7,wind,avaConv,0.290162768016296
h0006,FR,scr7,wind,avaConv,0.330617243745091
h0007,FR,scr7,wind,avaConv,0.377271858589301
h0008,FR,scr7,wind,avaConv,0.45067124463176
h0009,FR,scr7,wind,avaConv,0.524587678380537
h0010,FR,scr7,wind,avaConv,0.620058113863334
h0011,FR,scr7,wind,avaConv,0.697183391354318
h0012,FR,scr7,wind,avaConv,0.773650728077263
h0013,FR,scr7,wind,avaConv,0.828099126965192
h0014,FR,scr7,wind,avaConv,0.840215085852887
h0015,FR,scr7,wind,avaConv,0.834981204858513
h0016,FR,scr7,wind,avaConv,0.820520015162908
h0017,FR,scr7,wind,avaConv,0.821731835932686
h0018,FR,scr7,wind,avaConv,0.832487687779944
h0019,FR,scr7,wind,avaConv,0.844117542251516
h0020,FR,scr7,wind,avaConv,0.845114902436554
h0021,FR,scr7,wind,avaConv,0.84648791284047
h0022,FR,scr7,wind,avaConv,0.846658388818766
h0023,FR,scr7,wind,avaConv,0.846091197343104
h0024,FR,scr7,wind,avaConv,0.849134734875469
