timestep_4,region_1,scenario_1,technology_1,parameter,value
h0025,FR,scr7,wind,avaConv,0.159220122832152
h0026,FR,scr7,wind,avaConv,0.195632780838614
h0027,FR,scr7,wind,avaConv,0.234047739801845
h0028,FR,scr7,wind,avaConv,0.278538305442925
h0029,FR,scr7,wind,avaConv,0.316025203012874
h0030,FR,scr7,wind,avaConv,0.344882619664172
h0031,FR,scr7,wind,avaConv,0.400493530820018
h0032,FR,scr7,wind,avaConv,0.465320552589783
h0033,FR,scr7,wind,avaConv,0.516496938203368
h0034,FR,scr7,wind,avaConv,0.610787044618826
h0035,FR,scr7,wind,avaConv,0.692089453207493
h0036,FR,scr7,wind,avaConv,0.738608473370165
h0037,FR,scr7,wind,avaConv,0.739355410450013
h0038,FR,scr7,wind,avaConv,0.710137880054326
h0039,FR,scr7,wind,avaConv,0.725264653339199
h0040,FR,scr7,wind,avaConv,0.693551062125247
h0041,FR,scr7,wind,avaConv,0.656554189026006
h0042,FR,scr7,wind,avaConv,0.681550255285452
h0043,FR,scr7,wind,avaConv,0.650206897696592
h0044,FR,scr7,wind,avaConv,0.61968921057835
h0045,FR,scr7,wind,avaConv,0.594364204928047
h0046,FR,scr7,wind,avaConv,0.56815469951833
h0047,FR,scr7,wind,avaConv,0.508472320835392
h0048,FR,scr7,wind,avaConv,0.472313023277477
