timestep_4,region_1,scenario_1,technology_1,parameter,value
h0073,AT,scr7,wind,avaConv,0.526349577656434
h0074,AT,scr7,wind,avaConv,0.278039408340167
h0075,AT,scr7,wind,avaConv,0.250609673725452
h0076,AT,scr7,wind,avaConv,0.326592966573003
h0077,AT,scr7,wind,avaConv,0.522527920507433
h0078,AT,scr7,wind,avaConv,0.539382596292024
h0079,AT,scr7,wind,avaConv,0.358913279550466
h0080,AT,scr7,wind,avaConv,0.171241231107089
h0081,AT,scr7,wind,avaConv,0.129626971694261
h0082,AT,scr7,wind,avaConv,0.151731085129115
h0083,AT,scr7,wind,avaConv,0.339561560235583
h0084,AT,scr7,wind,avaConv,0.578781716056976
h0085,AT,scr7,wind,avaConv,0.570364938405223
h0086,AT,scr7,wind,avaConv,0.416154494308703
h0087,AT,scr7,wind,avaConv,0.108751082153467
h0088,AT,scr7,wind,avaConv,0.0881852112232395
h0089,AT,scr7,wind,avaConv,0.167764147506487
h0090,AT,scr7,wind,avaConv,0.363921277817805
h0091,AT,scr7,wind,avaConv,0.621852910769745
h0092,AT,scr7,wind,avaConv,0.853558272407448
h0093,AT,scr7,wind,avaConv,0.888299324748873
h0094,AT,scr7,wind,avaConv,0.878197257055959
h0095,AT,scr7,wind,avaConv,0.702637645774738
h0096,AT,scr7,wind,avaConv,0.676648292384443
