timestep_4,region_1,scenario_1,technology_1,parameter,value
h0025,FR,scr11,wind,avaConv,0.147466205450006
h0026,FR,scr11,wind,avaConv,0.142456722189319
h0027,FR,scr11,wind,avaConv,0.14313870593994
h0028,FR,scr11,wind,avaConv,0.14654586911548
h0029,FR,scr11,wind,avaConv,0.148813447274658
h0030,FR,scr11,wind,avaConv,0.168082568180353
h0031,FR,scr11,wind,avaConv,0.177122575466527
h0032,FR,scr11,wind,avaConv,0.176012183623244
h0033,FR,scr11,wind,avaConv,0.19161544382791
h0034,FR,scr11,wind,avaConv,0.245988487965387
h0035,FR,scr11,wind,avaConv,0.204636656815736
h0036,FR,scr11,wind,avaConv,0.223421304103608
h0037,FR,scr11,wind,avaConv,0.288060942471827
h0038,FR,scr11,wind,avaConv,0.302653914623483
h0039,FR,scr11,wind,avaConv,0.281522091087505
h0040,FR,scr11,wind,avaConv,0.12896261942134
h0041,FR,scr11,wind,avaConv,0.119030170269219
h0042,FR,scr11,wind,avaConv,0.194936527734584
h0043,FR,scr11,wind,avaConv,0.249008394893466
h0044,FR,scr11,wind,avaConv,0.275195961813983
h0045,FR,scr11,wind,avaConv,0.277882524350016
h0046,FR,scr11,wind,avaConv,0.273048576153488
h0047,FR,scr11,wind,avaConv,0.258487323577217
h0048,FR,scr11,wind,avaConv,0.260736183343404
