timestep_4,region_1,scenario_1,technology_1,parameter,value
h0001,LU,scr6,wind,avaConv,1.00000001653888
h0002,LU,scr6,wind,avaConv,1.00000001653888
h0003,LU,scr6,wind,avaConv,1.00000001653888
h0004,LU,scr6,wind,avaConv,1.00000001653888
h0005,LU,scr6,wind,avaConv,1.00000001653888
h0006,LU,scr6,wind,avaConv,1.00000001653888
h0007,LU,scr6,wind,avaConv,1.00000001653888
h0008,LU,scr6,wind,avaConv,0.999818879992455
h0009,LU,scr6,wind,avaConv,0.991423457585916
h0010,LU,scr6,wind,avaConv,0.996285336156696
h0011,LU,scr6,wind,avaConv,0.999229298300514
h0012,LU,scr6,wind,avaConv,1.00000001653888
h0013,LU,scr6,wind,avaConv,1.00000001653888
h0014,LU,scr6,wind,avaConv,1.00000001653888
h0015,LU,scr6,wind,avaConv,1.00000001653888
h0016,LU,scr6,wind,avaConv,1.00000001653888
h0017,LU,scr6,wind,avaConv,1.00000001653888
h0018,LU,scr6,wind,avaConv,1.00000001653888
h0019,LU,scr6,wind,avaConv,1.00000001653888
h0020,LU,scr6,wind,avaConv,1.00000001653888
h0021,LU,scr6,wind,avaConv,1.00000001653888
h0022,LU,scr6,wind,avaConv,1.00000001653888
h0023,LU,scr6,wind,avaConv,1.00000001653888
h0024,LU,scr6,wind,avaConv,1.00000001653888
