timestep_4,region_1,scenario_1,technology_1,parameter,value
h0073,LU,scr11,wind,avaConv,0.999957396173446
h0074,LU,scr11,wind,avaConv,0.999995280942719
h0075,LU,scr11,wind,avaConv,1.00000001653888
h0076,LU,scr11,wind,avaConv,1.00000001653888
h0077,LU,scr11,wind,avaConv,0.998407672413317
h0078,LU,scr11,wind,avaConv,0.999763236747463
h0079,LU,scr11,wind,avaConv,1.00000001653888
h0080,LU,scr11,wind,avaConv,1.00000001653888
h0081,LU,scr11,wind,avaConv,1.00000001653888
h0082,LU,scr11,wind,avaConv,1.00000001653888
h0083,LU,scr11,wind,avaConv,0.760063151830248
h0084,LU,scr11,wind,avaConv,0.984214697111256
h0085,LU,scr11,wind,avaConv,1.00000001653888
h0086,LU,scr11,wind,avaConv,1.00000001653888
h0087,LU,scr11,wind,avaConv,1.00000001653888
h0088,LU,scr11,wind,avaConv,1.00000001653888
h0089,LU,scr11,wind,avaConv,1.00000001653888
h0090,LU,scr11,wind,avaConv,0.999985809750401
h0091,LU,scr11,wind,avaConv,0.998501910740588
h0092,LU,scr11,wind,avaConv,0.985173575872796
h0093,LU,scr11,wind,avaConv,0.921064379747558
h0094,LU,scr11,wind,avaConv,0.527332052375752
h0095,LU,scr11,wind,avaConv,0.205587769268182
h0096,LU,scr11,wind,avaConv,0.19771484197299
