timestep_4,region_1,scenario_1,technology_1,parameter,value
h0001,FR,scr10,wind,avaConv,0.0712391731950957
h0002,FR,scr10,wind,avaConv,0.079996423666816
h0003,FR,scr10,wind,avaConv,0.0961447426580273
h0004,FR,scr10,wind,avaConv,0.114576047188839
h0005,FR,scr10,wind,avaConv,0.130999594747367
h0006,FR,scr10,wind,avaConv,0.15501522135497
h0007,FR,scr10,wind,avaConv,0.180102599259799
h0008,FR,scr10,wind,avaConv,0.20976603157368
h0009,FR,scr10,wind,avaConv,0.237630176810801
h0010,FR,scr10,wind,avaConv,0.289328141674698
h0011,FR,scr10,wind,avaConv,0.327267802802645
h0012,FR,scr10,wind,avaConv,0.343603863824017
h0013,FR,scr10,wind,avaConv,0.341810248720942
h0014,FR,scr10,wind,avaConv,0.312374640828803
h0015,FR,scr10,wind,avaConv,0.255528253749969
h0016,FR,scr10,wind,avaConv,0.165895114076077
h0017,FR,scr10,wind,avaConv,0.119113869006015
h0018,FR,scr10,wind,avaConv,0.136947464290959
h0019,FR,scr10,wind,avaConv,0.150974963333189
h0020,FR,scr10,wind,avaConv,0.154200709968662
h0021,FR,scr10,wind,avaConv,0.143750142612843
h0022,FR,scr10,wind,avaConv,0.122777909577338
h0023,FR,scr10,wind,avaConv,0.081557081258979
h0024,FR,scr10,wind,avaConv,0.059415280741729
