timestep_4,region_1,scenario_1,technology_1,parameter,value
h0025,LU,scr9,wind,avaConv,0.997033560323182
h0026,LU,scr9,wind,avaConv,0.997033560323182
h0027,LU,scr9,wind,avaConv,0.996838611616931
h0028,LU,scr9,wind,avaConv,0.997154318005484
h0029,LU,scr9,wind,avaConv,0.998412407986505
h0030,LU,scr9,wind,avaConv,1.00000001653888
h0031,LU,scr9,wind,avaConv,1.00000001653888
h0032,LU,scr9,wind,avaConv,0.997354002284923
h0033,LU,scr9,wind,avaConv,0.997354002284923
h0034,LU,scr9,wind,avaConv,0.999470813688087
h0035,LU,scr9,wind,avaConv,0.998045399292906
h0036,LU,scr9,wind,avaConv,0.997085651834072
h0037,LU,scr9,wind,avaConv,0.991844925621102
h0038,LU,scr9,wind,avaConv,0.958038689849866
h0039,LU,scr9,wind,avaConv,0.870909880187371
h0040,LU,scr9,wind,avaConv,0.56590967800345
h0041,LU,scr9,wind,avaConv,0.317295388374858
h0042,LU,scr9,wind,avaConv,0.213074115839498
h0043,LU,scr9,wind,avaConv,0.206332521999758
h0044,LU,scr9,wind,avaConv,0.259308687367307
h0045,LU,scr9,wind,avaConv,0.345088917763136
h0046,LU,scr9,wind,avaConv,0.463896339161862
h0047,LU,scr9,wind,avaConv,0.437267687853976
h0048,LU,scr9,wind,avaConv,0.510992827830492
