timestep_4,region_1,scenario_1,technology_1,parameter,value
h0073,LU,scr6,wind,avaConv,0.390779998049405
h0074,LU,scr6,wind,avaConv,0.314464922848285
h0075,LU,scr6,wind,avaConv,0.434658019049634
h0076,LU,scr6,wind,avaConv,0.645185923600084
h0077,LU,scr6,wind,avaConv,0.887254317130761
h0078,LU,scr6,wind,avaConv,0.902865998192058
h0079,LU,scr6,wind,avaConv,0.998075786093043
h0080,LU,scr6,wind,avaConv,0.993940426906327
h0081,LU,scr6,wind,avaConv,0.995268761558654
h0082,LU,scr6,wind,avaConv,0.999032771079667
h0083,LU,scr6,wind,avaConv,0.997529219372211
h0084,LU,scr6,wind,avaConv,0.997009093085089
h0085,LU,scr6,wind,avaConv,0.999957396173446
h0086,LU,scr6,wind,avaConv,1.00000001653888
h0087,LU,scr6,wind,avaConv,0.998188256468973
h0088,LU,scr6,wind,avaConv,0.997835454568445
h0089,LU,scr6,wind,avaConv,0.995309014156787
h0090,LU,scr6,wind,avaConv,0.998140900507382
h0091,LU,scr6,wind,avaConv,0.99598462582035
h0092,LU,scr6,wind,avaConv,0.993569629760609
h0093,LU,scr6,wind,avaConv,0.989926220073287
h0094,LU,scr6,wind,avaConv,0.98516094769778
h0095,LU,scr6,wind,avaConv,0.969370023966231
h0096,LU,scr6,wind,avaConv,0.962941807796953
