timestep_4,region_1,scenario_1,technology_1,parameter,value
h0025,FR,scr5,wind,avaConv,0.218217300514188
h0026,FR,scr5,wind,avaConv,0.203780876321324
h0027,FR,scr5,wind,avaConv,0.191938080837087
h0028,FR,scr5,wind,avaConv,0.187060724643989
h0029,FR,scr5,wind,avaConv,0.190738844046107
h0030,FR,scr5,wind,avaConv,0.194014801490807
h0031,FR,scr5,wind,avaConv,0.196631387104275
h0032,FR,scr5,wind,avaConv,0.206834494323901
h0033,FR,scr5,wind,avaConv,0.225405478753092
h0034,FR,scr5,wind,avaConv,0.262186019851985
h0035,FR,scr5,wind,avaConv,0.290110660442584
h0036,FR,scr5,wind,avaConv,0.328189421539664
h0037,FR,scr5,wind,avaConv,0.32132945214625
h0038,FR,scr5,wind,avaConv,0.291754416410587
h0039,FR,scr5,wind,avaConv,0.230828439808488
h0040,FR,scr5,wind,avaConv,0.105490081409171
h0041,FR,scr5,wind,avaConv,0.117374347385783
h0042,FR,scr5,wind,avaConv,0.158646129355431
h0043,FR,scr5,wind,avaConv,0.195803892811801
h0044,FR,scr5,wind,avaConv,0.216598240408109
h0045,FR,scr5,wind,avaConv,0.230369202490205
h0046,FR,scr5,wind,avaConv,0.242287571589427
h0047,FR,scr5,wind,avaConv,0.274266943711481
h0048,FR,scr5,wind,avaConv,0.247266136955935
