timestep_4,region_1,scenario_1,technology_1,parameter,value
h0073,LU,scr5,wind,avaConv,0.889901356979911
h0074,LU,scr5,wind,avaConv,0.960358974338612
h0075,LU,scr5,wind,avaConv,0.988839558660911
h0076,LU,scr5,wind,avaConv,0.983701279231842
h0077,LU,scr5,wind,avaConv,0.985774523145564
h0078,LU,scr5,wind,avaConv,0.993933323506116
h0079,LU,scr5,wind,avaConv,0.999338611647252
h0080,LU,scr5,wind,avaConv,0.999320853148563
h0081,LU,scr5,wind,avaConv,0.996313749733651
h0082,LU,scr5,wind,avaConv,0.995402936776729
h0083,LU,scr5,wind,avaConv,0.995314538959708
h0084,LU,scr5,wind,avaConv,0.99911801178756
h0085,LU,scr5,wind,avaConv,0.99911801178756
h0086,LU,scr5,wind,avaConv,0.997278232769349
h0087,LU,scr5,wind,avaConv,0.989140111069994
h0088,LU,scr5,wind,avaConv,0.975571918371829
h0089,LU,scr5,wind,avaConv,0.983597411829828
h0090,LU,scr5,wind,avaConv,0.993658343292402
h0091,LU,scr5,wind,avaConv,0.999131823970359
h0092,LU,scr5,wind,avaConv,1.00000001653888
h0093,LU,scr5,wind,avaConv,1.00000001653888
h0094,LU,scr5,wind,avaConv,1.00000001653888
h0095,LU,scr5,wind,avaConv,1.00000001653888
h0096,LU,scr5,wind,avaConv,1.00000001653888
