timestep_4,region_1,scenario_1,technology_1,parameter,value
h0025,FR,scr4,wind,avaConv,0.646083818924021
h0026,FR,scr4,wind,avaConv,0.63795048941761
h0027,FR,scr4,wind,avaConv,0.629221715179433
h0028,FR,scr4,wind,avaConv,0.61337879401863
h0029,FR,scr4,wind,avaConv,0.642466553408268
h0030,FR,scr4,wind,avaConv,0.625886350781351
h0031,FR,scr4,wind,avaConv,0.617154029138439
h0032,FR,scr4,wind,avaConv,0.552824329478129
h0033,FR,scr4,wind,avaConv,0.503240070263317
h0034,FR,scr4,wind,avaConv,0.537938999143751
h0035,FR,scr4,wind,avaConv,0.631864183854998
h0036,FR,scr4,wind,avaConv,0.744614316729977
h0037,FR,scr4,wind,avaConv,0.800118494794075
h0038,FR,scr4,wind,avaConv,0.778668098567753
h0039,FR,scr4,wind,avaConv,0.651700917730751
h0040,FR,scr4,wind,avaConv,0.425818975152491
h0041,FR,scr4,wind,avaConv,0.281591131652507
h0042,FR,scr4,wind,avaConv,0.289462025318162
h0043,FR,scr4,wind,avaConv,0.280369598469499
h0044,FR,scr4,wind,avaConv,0.22946748681816
h0045,FR,scr4,wind,avaConv,0.211450998204787
h0046,FR,scr4,wind,avaConv,0.183326240185301
h0047,FR,scr4,wind,avaConv,0.159108080958416
h0048,FR,scr4,wind,avaConv,0.135060186997866
