timestep_4,region_1,scenario_1,technology_1,parameter,value
h0025,BE,scr9,wind,avaConv,0.999954763295507
h0026,BE,scr9,wind,avaConv,0.999954763295507
h0027,BE,scr9,wind,avaConv,0.999946539987326
h0028,BE,scr9,wind,avaConv,0.999943798884458
h0029,BE,scr9,wind,avaConv,0.999954763295081
h0030,BE,scr9,wind,avaConv,0.999999991490497
h0031,BE,scr9,wind,avaConv,0.999990854480581
h0032,BE,scr9,wind,avaConv,0.999805670141902
h0033,BE,scr9,wind,avaConv,0.998796110551546
h0034,BE,scr9,wind,avaConv,0.994563539404585
h0035,BE,scr9,wind,avaConv,0.990863959690012
h0036,BE,scr9,wind,avaConv,0.985172828297646
h0037,BE,scr9,wind,avaConv,0.978052116976037
h0038,BE,scr9,wind,avaConv,0.962568290966168
h0039,BE,scr9,wind,avaConv,0.925350961132473
h0040,BE,scr9,wind,avaConv,0.848158534680965
h0041,BE,scr9,wind,avaConv,0.700178020809069
h0042,BE,scr9,wind,avaConv,0.643887730937812
h0043,BE,scr9,wind,avaConv,0.714541308486935
h0044,BE,scr9,wind,avaConv,0.774534069184092
h0045,BE,scr9,wind,avaConv,0.868594235431184
h0046,BE,scr9,wind,avaConv,0.919958394631072
h0047,BE,scr9,wind,avaConv,0.926491880907621
h0048,BE,scr9,wind,avaConv,0.953820816753013
